Club Name,Address,Club URL,Fuel Center URL,Fuel Type,Price
Avondale,"Avondale, AZ",https://www.samsclub.com/club/4830-avondale-az,https://www.samsclub.com/club/4830-avondale-az/fuel-center,Unleaded,4.09910
Avondale,"Avondale, AZ",https://www.samsclub.com/club/4830-avondale-az,https://www.samsclub.com/club/4830-avondale-az/fuel-center,Premium,4.74910
Bullhead City,"Bullhead City, AZ",https://www.samsclub.com/club/4915-bullhead-city-az,https://www.samsclub.com/club/4915-bullhead-city-az/fuel-center,Unleaded,4.32910
Bullhead City,"Bullhead City, AZ",https://www.samsclub.com/club/4915-bullhead-city-az,https://www.samsclub.com/club/4915-bullhead-city-az/fuel-center,Premium,4.76910
Bullhead City,"Bullhead City, AZ",https://www.samsclub.com/club/4915-bullhead-city-az,https://www.samsclub.com/club/4915-bullhead-city-az/fuel-center,Diesel,5.94910
Chandler,"Chandler, AZ",https://www.samsclub.com/club/6213-chandler-az,https://www.samsclub.com/club/6213-chandler-az/fuel-center,Unleaded,4.58910
Chandler,"Chandler, AZ",https://www.samsclub.com/club/6213-chandler-az,https://www.samsclub.com/club/6213-chandler-az/fuel-center,Premium,5.24910
Flagstaff,"Flagstaff, AZ",https://www.samsclub.com/club/6604-flagstaff-az,https://www.samsclub.com/club/6604-flagstaff-az/fuel-center,Diesel,6.37910
Flagstaff,"Flagstaff, AZ",https://www.samsclub.com/club/6604-flagstaff-az,https://www.samsclub.com/club/6604-flagstaff-az/fuel-center,Unleaded,4.65910
Flagstaff,"Flagstaff, AZ",https://www.samsclub.com/club/6604-flagstaff-az,https://www.samsclub.com/club/6604-flagstaff-az/fuel-center,Premium,5.26910
Gilbert (1),"Gilbert, AZ",https://www.samsclub.com/club/6605-gilbert-az,https://www.samsclub.com/club/6605-gilbert-az/fuel-center,Premium,5.04910
Gilbert (1),"Gilbert, AZ",https://www.samsclub.com/club/6605-gilbert-az,https://www.samsclub.com/club/6605-gilbert-az/fuel-center,Unleaded,4.40910
Gilbert (2),"Gilbert, AZ",https://www.samsclub.com/club/4829-gilbert-az,https://www.samsclub.com/club/4829-gilbert-az/fuel-center,Unleaded,4.49910
Gilbert (2),"Gilbert, AZ",https://www.samsclub.com/club/4829-gilbert-az,https://www.samsclub.com/club/4829-gilbert-az/fuel-center,Premium,5.09910
Gilbert (2),"Gilbert, AZ",https://www.samsclub.com/club/4829-gilbert-az,https://www.samsclub.com/club/4829-gilbert-az/fuel-center,Diesel,6.02910
Glendale,"Glendale, AZ",https://www.samsclub.com/club/4732-glendale-az,https://www.samsclub.com/club/4732-glendale-az/fuel-center,Unleaded,4.37910
Glendale,"Glendale, AZ",https://www.samsclub.com/club/4732-glendale-az,https://www.samsclub.com/club/4732-glendale-az/fuel-center,Premium,5.06910
Phoenix (1),"Phoenix, AZ",https://www.samsclub.com/club/6606-phoenix-az,https://www.samsclub.com/club/6606-phoenix-az/fuel-center,Unleaded,4.09910
Phoenix (1),"Phoenix, AZ",https://www.samsclub.com/club/6606-phoenix-az,https://www.samsclub.com/club/6606-phoenix-az/fuel-center,Premium,4.74910
Phoenix (2),"Phoenix, AZ",https://www.samsclub.com/club/6608-phoenix-az,https://www.samsclub.com/club/6608-phoenix-az/fuel-center,Unleaded,4.49910
Phoenix (2),"Phoenix, AZ",https://www.samsclub.com/club/6608-phoenix-az,https://www.samsclub.com/club/6608-phoenix-az/fuel-center,Premium,5.15910
Phoenix (2),"Phoenix, AZ",https://www.samsclub.com/club/6608-phoenix-az,https://www.samsclub.com/club/6608-phoenix-az/fuel-center,Diesel,5.98910
Surprise,"Surprise, AZ",https://www.samsclub.com/club/4955-surprise-az,https://www.samsclub.com/club/4955-surprise-az/fuel-center,Diesel,6.15910
Surprise,"Surprise, AZ",https://www.samsclub.com/club/4955-surprise-az,https://www.samsclub.com/club/4955-surprise-az/fuel-center,Premium,4.99910
Surprise,"Surprise, AZ",https://www.samsclub.com/club/4955-surprise-az,https://www.samsclub.com/club/4955-surprise-az/fuel-center,Unleaded,4.49910
Tucson,"Tucson, AZ",https://www.samsclub.com/club/6692-tucson-az,https://www.samsclub.com/club/6692-tucson-az/fuel-center,Premium,4.89910
Tucson,"Tucson, AZ",https://www.samsclub.com/club/6692-tucson-az,https://www.samsclub.com/club/6692-tucson-az/fuel-center,Unleaded,4.15910
Yuma,"Yuma, AZ",https://www.samsclub.com/club/6205-yuma-az,https://www.samsclub.com/club/6205-yuma-az/fuel-center,Premium,5.14910
Yuma,"Yuma, AZ",https://www.samsclub.com/club/6205-yuma-az,https://www.samsclub.com/club/6205-yuma-az/fuel-center,Unleaded,4.54910
Tempe,"Tempe, AZ",https://www.samsclub.com/club/4956-tempe-az,https://www.samsclub.com/club/4956-tempe-az/fuel-center,Unleaded,4.40910
Tempe,"Tempe, AZ",https://www.samsclub.com/club/4956-tempe-az,https://www.samsclub.com/club/4956-tempe-az/fuel-center,Premium,5.04910
Tempe,"Tempe, AZ",https://www.samsclub.com/club/4956-tempe-az,https://www.samsclub.com/club/4956-tempe-az/fuel-center,Diesel,6.10910
